Point ID,arc_length,Points_0,Points_1,Points_2,Points_Magnitude,velocity_0,velocity_1,velocity_2,velocity_Magnitude,vtkValidPointMask
0,0,0.5,0,0,0.5,-0.0208261,0.000238716,0,0.0208274,1
1,0.001,0.5,0.001,0,0.500001,-0.0226894,0.000288386,0,0.0226912,1
2,0.002,0.5,0.002,0,0.500004,-0.0245526,0.000338056,0,0.024555,1
3,0.003,0.5,0.003,0,0.500009,-0.0264159,0.000387726,0,0.0264188,1
4,0.004,0.5,0.004,0,0.500016,-0.0282792,0.000437397,0,0.0282826,1
5,0.005,0.5,0.005,0,0.500025,-0.0301425,0.000487067,0,0.0301464,1
6,0.006,0.5,0.006,0,0.500036,-0.0320058,0.000536737,0,0.0320103,1
7,0.007,0.5,0.007,0,0.500049,-0.0338691,0.000586407,0,0.0338741,1
8,0.008,0.5,0.008,0,0.500064,-0.0357324,0.000636077,0,0.035738,1
9,0.009,0.5,0.009,0,0.500081,-0.0375956,0.000685747,0,0.0376019,1
10,0.01,0.5,0.01,0,0.5001,-0.0394589,0.000735418,0,0.0394658,1
11,0.011,0.5,0.011,0,0.500121,-0.0428158,0.00086058,0,0.0428245,1
12,0.012,0.5,0.012,0,0.500144,-0.0463406,0.000994224,0,0.0463512,1
13,0.013,0.5,0.013,0,0.500169,-0.0498653,0.00112787,0,0.049878,1
14,0.014,0.5,0.014,0,0.500196,-0.05339,0.00126151,0,0.0534049,1
15,0.015,0.5,0.015,0,0.500225,-0.0569147,0.00139516,0,0.0569318,1
16,0.016,0.5,0.016,0,0.500256,-0.0604395,0.0015288,0,0.0604588,1
17,0.017,0.5,0.017,0,0.500289,-0.0639642,0.00166245,0,0.0639858,1
18,0.018,0.5,0.018,0,0.500324,-0.0674889,0.00179609,0,0.0675128,1
19,0.019,0.5,0.019,0,0.500361,-0.0710136,0.00192973,0,0.0710399,1
20,0.02,0.5,0.02,0,0.5004,-0.0745384,0.00206338,0,0.0745669,1
21,0.021,0.5,0.021,0,0.500441,-0.077742,0.00223069,0,0.077774,1
22,0.022,0.5,0.022,0,0.500484,-0.0808644,0.00240653,0,0.0809002,1
23,0.023,0.5,0.023,0,0.500529,-0.0839868,0.00258236,0,0.0840265,1
24,0.024,0.5,0.024,0,0.500576,-0.0871092,0.0027582,0,0.0871529,1
25,0.025,0.5,0.025,0,0.500625,-0.0902316,0.00293404,0,0.0902793,1
26,0.026,0.5,0.026,0,0.500676,-0.093354,0.00310987,0,0.0934058,1
27,0.027,0.5,0.027,0,0.500728,-0.0964764,0.00328571,0,0.0965323,1
28,0.028,0.5,0.028,0,0.500783,-0.0995988,0.00346155,0,0.0996589,1
29,0.029,0.5,0.029,0,0.50084,-0.102721,0.00363738,0,0.102786,1
30,0.03,0.5,0.03,0,0.500899,-0.105844,0.00381322,0,0.105912,1
31,0.031,0.5,0.031,0,0.50096,-0.108695,0.00399089,0,0.108768,1
32,0.032,0.5,0.032,0,0.501023,-0.111427,0.00416937,0,0.111505,1
33,0.033,0.5,0.033,0,0.501088,-0.11416,0.00434784,0,0.114243,1
34,0.034,0.5,0.034,0,0.501155,-0.116893,0.00452632,0,0.116981,1
35,0.035,0.5,0.035,0,0.501224,-0.119626,0.00470479,0,0.119719,1
36,0.036,0.5,0.036,0,0.501294,-0.122359,0.00488326,0,0.122457,1
37,0.037,0.5,0.037,0,0.501367,-0.125092,0.00506174,0,0.125194,1
38,0.038,0.5,0.038,0,0.501442,-0.127825,0.00524021,0,0.127932,1
39,0.039,0.5,0.039,0,0.501519,-0.130558,0.00541869,0,0.13067,1
40,0.04,0.5,0.04,0,0.501597,-0.133291,0.00559716,0,0.133408,1
41,0.041,0.5,0.041,0,0.501678,-0.135811,0.00576591,0,0.135933,1
42,0.042,0.5,0.042,0,0.501761,-0.138186,0.00592807,0,0.138314,1
43,0.043,0.5,0.043,0,0.501846,-0.140562,0.00609022,0,0.140694,1
44,0.044,0.5,0.044,0,0.501932,-0.142938,0.00625238,0,0.143074,1
45,0.045,0.5,0.045,0,0.502021,-0.145313,0.00641453,0,0.145455,1
46,0.046,0.5,0.046,0,0.502112,-0.147689,0.00657669,0,0.147835,1
47,0.047,0.5,0.047,0,0.502204,-0.150065,0.00673884,0,0.150216,1
48,0.048,0.5,0.048,0,0.502299,-0.15244,0.006901,0,0.152596,1
49,0.049,0.5,0.049,0,0.502395,-0.154816,0.00706316,0,0.154977,1
50,0.05,0.5,0.05,0,0.502494,-0.157192,0.00722531,0,0.157358,1
51,0.051,0.5,0.051,0,0.502594,-0.159413,0.00737562,0,0.159584,1
52,0.052,0.5,0.052,0,0.502697,-0.161478,0.00751383,0,0.161652,1
53,0.053,0.5,0.053,0,0.502801,-0.163542,0.00765203,0,0.163721,1
54,0.054,0.5,0.054,0,0.502908,-0.165606,0.00779024,0,0.16579,1
55,0.055,0.5,0.055,0,0.503016,-0.167671,0.00792845,0,0.167858,1
56,0.056,0.5,0.056,0,0.503126,-0.169735,0.00806666,0,0.169927,1
57,0.057,0.5,0.057,0,0.503238,-0.1718,0.00820487,0,0.171996,1
58,0.058,0.5,0.058,0,0.503353,-0.173864,0.00834308,0,0.174064,1
59,0.059,0.5,0.059,0,0.503469,-0.175928,0.00848129,0,0.176133,1
60,0.06,0.5,0.06,0,0.503587,-0.177993,0.0086195,0,0.178201,1
61,0.061,0.5,0.061,0,0.503707,-0.179955,0.00874805,0,0.180167,1
62,0.062,0.5,0.062,0,0.503829,-0.181759,0.00886175,0,0.181974,1
63,0.063,0.5,0.063,0,0.503953,-0.183562,0.00897545,0,0.183782,1
64,0.064,0.5,0.064,0,0.504079,-0.185366,0.00908915,0,0.185589,1
65,0.065,0.5,0.065,0,0.504207,-0.18717,0.00920285,0,0.187396,1
66,0.066,0.5,0.066,0,0.504337,-0.188974,0.00931654,0,0.189203,1
67,0.067,0.5,0.067,0,0.504469,-0.190778,0.00943024,0,0.191011,1
68,0.068,0.5,0.068,0,0.504603,-0.192582,0.00954394,0,0.192818,1
69,0.069,0.5,0.069,0,0.504739,-0.194386,0.00965764,0,0.194625,1
70,0.07,0.5,0.07,0,0.504876,-0.196189,0.00977134,0,0.196433,1
71,0.071,0.5,0.071,0,0.505016,-0.197931,0.00987912,0,0.198177,1
72,0.072,0.5,0.072,0,0.505157,-0.199522,0.00997264,0,0.199771,1
73,0.073,0.5,0.073,0,0.505301,-0.201112,0.0100662,0,0.201364,1
74,0.074,0.5,0.074,0,0.505446,-0.202703,0.0101597,0,0.202957,1
75,0.075,0.5,0.075,0,0.505594,-0.204294,0.0102532,0,0.204551,1
76,0.076,0.5,0.076,0,0.505743,-0.205884,0.0103467,0,0.206144,1
77,0.077,0.5,0.077,0,0.505894,-0.207475,0.0104402,0,0.207738,1
78,0.078,0.5,0.078,0,0.506047,-0.209066,0.0105337,0,0.209331,1
79,0.079,0.5,0.079,0,0.506203,-0.210657,0.0106273,0,0.210925,1
80,0.08,0.5,0.08,0,0.50636,-0.212247,0.0107208,0,0.212518,1
81,0.081,0.5,0.081,0,0.506518,-0.213805,0.0108117,0,0.214078,1
82,0.082,0.5,0.082,0,0.506679,-0.21522,0.0108917,0,0.215495,1
83,0.083,0.5,0.083,0,0.506842,-0.216635,0.0109717,0,0.216913,1
84,0.084,0.5,0.084,0,0.507007,-0.218051,0.0110517,0,0.218331,1
85,0.085,0.5,0.085,0,0.507174,-0.219466,0.0111317,0,0.219748,1
86,0.086,0.5,0.086,0,0.507342,-0.220882,0.0112117,0,0.221166,1
87,0.087,0.5,0.087,0,0.507513,-0.222297,0.0112916,0,0.222584,1
88,0.088,0.5,0.088,0,0.507685,-0.223713,0.0113716,0,0.224002,1
89,0.089,0.5,0.089,0,0.507859,-0.225128,0.0114516,0,0.225419,1
90,0.09,0.5,0.09,0,0.508035,-0.226544,0.0115316,0,0.226837,1
91,0.091,0.5,0.091,0,0.508214,-0.227946,0.011611,0,0.228241,1
92,0.092,0.5,0.092,0,0.508394,-0.229211,0.0116842,0,0.229509,1
93,0.093,0.5,0.093,0,0.508575,-0.230477,0.0117573,0,0.230777,1
94,0.094,0.5,0.094,0,0.508759,-0.231743,0.0118305,0,0.232045,1
95,0.095,0.5,0.095,0,0.508945,-0.233009,0.0119037,0,0.233313,1
96,0.096,0.5,0.096,0,0.509133,-0.234275,0.0119768,0,0.234581,1
97,0.097,0.5,0.097,0,0.509322,-0.235541,0.01205,0,0.235849,1
98,0.098,0.5,0.098,0,0.509513,-0.236807,0.0121232,0,0.237117,1
99,0.099,0.5,0.099,0,0.509707,-0.238073,0.0121963,0,0.238385,1
100,0.1,0.5,0.1,0,0.509902,-0.239339,0.0122695,0,0.239653,1
101,0.101,0.5,0.101,0,0.510099,-0.240605,0.0123427,0,0.240921,1
102,0.102,0.5,0.102,0,0.510298,-0.241737,0.0124145,0,0.242056,1
103,0.103,0.5,0.103,0,0.510499,-0.242868,0.0124862,0,0.243189,1
104,0.104,0.5,0.104,0,0.510701,-0.243999,0.012558,0,0.244322,1
105,0.105,0.5,0.105,0,0.510906,-0.24513,0.0126298,0,0.245455,1
106,0.106,0.5,0.106,0,0.511113,-0.246261,0.0127016,0,0.246588,1
107,0.107,0.5,0.107,0,0.511321,-0.247392,0.0127734,0,0.247721,1
108,0.108,0.5,0.108,0,0.511531,-0.248522,0.0128451,0,0.248854,1
109,0.109,0.5,0.109,0,0.511743,-0.249653,0.0129169,0,0.249987,1
110,0.11,0.5,0.11,0,0.511957,-0.250784,0.0129887,0,0.25112,1
111,0.111,0.5,0.111,0,0.512173,-0.251915,0.0130605,0,0.252253,1
112,0.112,0.5,0.112,0,0.51239,-0.252931,0.0131344,0,0.253272,1
113,0.113,0.5,0.113,0,0.51261,-0.253932,0.0132086,0,0.254276,1
114,0.114,0.5,0.114,0,0.512831,-0.254934,0.0132828,0,0.255279,1
115,0.115,0.5,0.115,0,0.513055,-0.255935,0.013357,0,0.256283,1
116,0.116,0.5,0.116,0,0.51328,-0.256936,0.0134312,0,0.257287,1
117,0.117,0.5,0.117,0,0.513507,-0.257938,0.0135055,0,0.258291,1
118,0.118,0.5,0.118,0,0.513735,-0.258939,0.0135797,0,0.259295,1
119,0.119,0.5,0.119,0,0.513966,-0.259941,0.0136539,0,0.260299,1
120,0.12,0.5,0.12,0,0.514198,-0.260942,0.0137281,0,0.261303,1
121,0.121,0.5,0.121,0,0.514433,-0.261943,0.0138023,0,0.262307,1
122,0.122,0.5,0.122,0,0.514669,-0.262842,0.0138801,0,0.263208,1
123,0.123,0.5,0.123,0,0.514907,-0.263713,0.013959,0,0.264082,1
124,0.124,0.5,0.124,0,0.515147,-0.264584,0.0140378,0,0.264956,1
125,0.125,0.5,0.125,0,0.515388,-0.265455,0.0141167,0,0.26583,1
126,0.126,0.5,0.126,0,0.515632,-0.266326,0.0141955,0,0.266704,1
127,0.127,0.5,0.127,0,0.515877,-0.267197,0.0142744,0,0.267578,1
128,0.128,0.5,0.128,0,0.516124,-0.268068,0.0143532,0,0.268452,1
129,0.129,0.5,0.129,0,0.516373,-0.268939,0.014432,0,0.269326,1
130,0.13,0.5,0.13,0,0.516624,-0.26981,0.0145109,0,0.2702,1
131,0.131,0.5,0.131,0,0.516876,-0.270681,0.0145897,0,0.271074,1
132,0.132,0.5,0.132,0,0.517131,-0.271459,0.0146723,0,0.271856,1
133,0.133,0.5,0.133,0,0.517387,-0.272196,0.0147566,0,0.272595,1
134,0.134,0.5,0.134,0,0.517645,-0.272932,0.0148409,0,0.273335,1
135,0.135,0.5,0.135,0,0.517904,-0.273668,0.0149252,0,0.274075,1
136,0.136,0.5,0.136,0,0.518166,-0.274404,0.0150095,0,0.274815,1
137,0.137,0.5,0.137,0,0.518429,-0.275141,0.0150938,0,0.275554,1
138,0.138,0.5,0.138,0,0.518695,-0.275877,0.0151781,0,0.276294,1
139,0.139,0.5,0.139,0,0.518961,-0.276613,0.0152624,0,0.277034,1
140,0.14,0.5,0.14,0,0.51923,-0.277349,0.0153467,0,0.277774,1
141,0.141,0.5,0.141,0,0.519501,-0.278086,0.015431,0,0.278513,1
142,0.142,0.5,0.142,0,0.519773,-0.27874,0.0155183,0,0.279171,1
143,0.143,0.5,0.143,0,0.520047,-0.279336,0.0156079,0,0.279771,1
144,0.144,0.5,0.144,0,0.520323,-0.279932,0.0156974,0,0.280371,1
145,0.145,0.5,0.145,0,0.520601,-0.280527,0.0157869,0,0.280971,1
146,0.146,0.5,0.146,0,0.52088,-0.281123,0.0158765,0,0.281571,1
147,0.147,0.5,0.147,0,0.521161,-0.281719,0.015966,0,0.282171,1
148,0.148,0.5,0.148,0,0.521444,-0.282315,0.0160556,0,0.282771,1
149,0.149,0.5,0.149,0,0.521729,-0.282911,0.0161451,0,0.283371,1
150,0.15,0.5,0.15,0,0.522015,-0.283507,0.0162346,0,0.283972,1
151,0.151,0.5,0.151,0,0.522304,-0.284103,0.0163242,0,0.284572,1
152,0.152,0.5,0.152,0,0.522594,-0.284628,0.0164158,0,0.285101,1
153,0.153,0.5,0.153,0,0.522885,-0.285079,0.0165096,0,0.285556,1
154,0.154,0.5,0.154,0,0.523179,-0.285529,0.0166035,0,0.286011,1
155,0.155,0.5,0.155,0,0.523474,-0.285979,0.0166974,0,0.286466,1
156,0.156,0.5,0.156,0,0.523771,-0.28643,0.0167912,0,0.286921,1
157,0.157,0.5,0.157,0,0.52407,-0.28688,0.0168851,0,0.287376,1
158,0.158,0.5,0.158,0,0.52437,-0.28733,0.0169789,0,0.287831,1
159,0.159,0.5,0.159,0,0.524672,-0.287781,0.0170728,0,0.288287,1
160,0.16,0.5,0.16,0,0.524976,-0.288231,0.0171666,0,0.288742,1
161,0.161,0.5,0.161,0,0.525282,-0.288681,0.0172605,0,0.289197,1
162,0.162,0.5,0.162,0,0.525589,-0.289074,0.0173555,0,0.289595,1
163,0.163,0.5,0.163,0,0.525898,-0.289375,0.0174523,0,0.289901,1
164,0.164,0.5,0.164,0,0.526209,-0.289676,0.0175492,0,0.290207,1
165,0.165,0.5,0.165,0,0.526522,-0.289977,0.017646,0,0.290514,1
166,0.166,0.5,0.166,0,0.526836,-0.290278,0.0177429,0,0.29082,1
167,0.167,0.5,0.167,0,0.527152,-0.290579,0.0178397,0,0.291126,1
168,0.168,0.5,0.168,0,0.527469,-0.29088,0.0179365,0,0.291433,1
169,0.169,0.5,0.169,0,0.527789,-0.291181,0.0180334,0,0.291739,1
170,0.17,0.5,0.17,0,0.52811,-0.291482,0.0181302,0,0.292045,1
171,0.171,0.5,0.171,0,0.528433,-0.291783,0.0182271,0,0.292352,1
172,0.172,0.5,0.172,0,0.528757,-0.292041,0.0183243,0,0.292616,1
173,0.173,0.5,0.173,0,0.529083,-0.292191,0.0184225,0,0.292772,1
174,0.174,0.5,0.174,0,0.529411,-0.292342,0.0185207,0,0.292928,1
175,0.175,0.5,0.175,0,0.529741,-0.292492,0.018619,0,0.293084,1
176,0.176,0.5,0.176,0,0.530072,-0.292642,0.0187172,0,0.29324,1
177,0.177,0.5,0.177,0,0.530405,-0.292792,0.0188154,0,0.293396,1
178,0.178,0.5,0.178,0,0.530739,-0.292942,0.0189137,0,0.293552,1
179,0.179,0.5,0.179,0,0.531075,-0.293092,0.0190119,0,0.293708,1
180,0.18,0.5,0.18,0,0.531413,-0.293242,0.0191101,0,0.293864,1
181,0.181,0.5,0.181,0,0.531753,-0.293392,0.0192083,0,0.29402,1
182,0.182,0.5,0.182,0,0.532094,-0.293515,0.0193065,0,0.294149,1
183,0.183,0.5,0.183,0,0.532437,-0.293515,0.0194044,0,0.294156,1
184,0.184,0.5,0.184,0,0.532781,-0.293515,0.0195023,0,0.294162,1
185,0.185,0.5,0.185,0,0.533128,-0.293515,0.0196003,0,0.294169,1
186,0.186,0.5,0.186,0,0.533475,-0.293515,0.0196982,0,0.294176,1
187,0.187,0.5,0.187,0,0.533825,-0.293515,0.0197961,0,0.294182,1
188,0.188,0.5,0.188,0,0.534176,-0.293515,0.019894,0,0.294189,1
189,0.189,0.5,0.189,0,0.534529,-0.293516,0.0199919,0,0.294196,1
190,0.19,0.5,0.19,0,0.534883,-0.293516,0.0200898,0,0.294202,1
191,0.191,0.5,0.191,0,0.535239,-0.293516,0.0201877,0,0.294209,1
192,0.192,0.5,0.192,0,0.535597,-0.293504,0.0202855,0,0.294204,1
193,0.193,0.5,0.193,0,0.535956,-0.293357,0.0203814,0,0.294065,1
194,0.194,0.5,0.194,0,0.536317,-0.293211,0.0204772,0,0.293925,1
195,0.195,0.5,0.195,0,0.53668,-0.293064,0.0205731,0,0.293786,1
196,0.196,0.5,0.196,0,0.537044,-0.292918,0.020669,0,0.293646,1
197,0.197,0.5,0.197,0,0.53741,-0.292771,0.0207648,0,0.293507,1
198,0.198,0.5,0.198,0,0.537777,-0.292625,0.0208607,0,0.293368,1
199,0.199,0.5,0.199,0,0.538146,-0.292478,0.0209566,0,0.293228,1
200,0.2,0.5,0.2,0,0.538516,-0.292332,0.0210525,0,0.293089,1
201,0.201,0.5,0.201,0,0.538889,-0.292185,0.0211483,0,0.29295,1
202,0.202,0.5,0.202,0,0.539262,-0.292039,0.0212442,0,0.292811,1
203,0.203,0.5,0.203,0,0.539638,-0.291755,0.0213364,0,0.292534,1
204,0.204,0.5,0.204,0,0.540015,-0.291468,0.0214286,0,0.292254,1
205,0.205,0.5,0.205,0,0.540393,-0.291181,0.0215208,0,0.291975,1
206,0.206,0.5,0.206,0,0.540774,-0.290894,0.0216129,0,0.291695,1
207,0.207,0.5,0.207,0,0.541155,-0.290607,0.0217051,0,0.291416,1
208,0.208,0.5,0.208,0,0.541539,-0.29032,0.0217973,0,0.291137,1
209,0.209,0.5,0.209,0,0.541923,-0.290032,0.0218894,0,0.290857,1
210,0.21,0.5,0.21,0,0.54231,-0.289745,0.0219816,0,0.290578,1
211,0.211,0.5,0.211,0,0.542698,-0.289458,0.0220738,0,0.290299,1
212,0.212,0.5,0.212,0,0.543087,-0.289171,0.0221659,0,0.29002,1
213,0.213,0.5,0.213,0,0.543479,-0.288768,0.0222535,0,0.289624,1
214,0.214,0.5,0.214,0,0.543871,-0.288349,0.0223404,0,0.289213,1
215,0.215,0.5,0.215,0,0.544266,-0.28793,0.0224274,0,0.288802,1
216,0.216,0.5,0.216,0,0.544661,-0.287511,0.0225143,0,0.288391,1
217,0.217,0.5,0.217,0,0.545059,-0.287092,0.0226012,0,0.28798,1
218,0.218,0.5,0.218,0,0.545458,-0.286672,0.0226882,0,0.287569,1
219,0.219,0.5,0.219,0,0.545858,-0.286253,0.0227751,0,0.287158,1
220,0.22,0.5,0.22,0,0.54626,-0.285834,0.022862,0,0.286747,1
221,0.221,0.5,0.221,0,0.546664,-0.285415,0.022949,0,0.286336,1
222,0.222,0.5,0.222,0,0.547069,-0.284996,0.0230359,0,0.285925,1
223,0.223,0.5,0.223,0,0.547475,-0.284482,0.0231177,0,0.28542,1
224,0.224,0.5,0.224,0,0.547883,-0.283941,0.0231981,0,0.284887,1
225,0.225,0.5,0.225,0,0.548293,-0.2834,0.0232784,0,0.284355,1
226,0.226,0.5,0.226,0,0.548704,-0.28286,0.0233587,0,0.283823,1
227,0.227,0.5,0.227,0,0.549117,-0.282319,0.0234391,0,0.28329,1
228,0.228,0.5,0.228,0,0.549531,-0.281778,0.0235194,0,0.282758,1
229,0.229,0.5,0.229,0,0.549946,-0.281238,0.0235998,0,0.282226,1
230,0.23,0.5,0.23,0,0.550364,-0.280697,0.0236801,0,0.281694,1
231,0.231,0.5,0.231,0,0.550782,-0.280156,0.0237605,0,0.281162,1
232,0.232,0.5,0.232,0,0.551202,-0.279615,0.0238408,0,0.28063,1
233,0.233,0.5,0.233,0,0.551624,-0.279001,0.0239159,0,0.280024,1
234,0.234,0.5,0.234,0,0.552047,-0.278351,0.0239886,0,0.279383,1
235,0.235,0.5,0.235,0,0.552472,-0.277701,0.0240612,0,0.278741,1
236,0.236,0.5,0.236,0,0.552898,-0.277051,0.0241339,0,0.2781,1
237,0.237,0.5,0.237,0,0.553325,-0.276401,0.0242065,0,0.277459,1
238,0.238,0.5,0.238,0,0.553754,-0.275751,0.0242792,0,0.276818,1
239,0.239,0.5,0.239,0,0.554185,-0.275102,0.0243518,0,0.276177,1
240,0.24,0.5,0.24,0,0.554617,-0.274452,0.0244244,0,0.275536,1
241,0.241,0.5,0.241,0,0.55505,-0.273802,0.0244971,0,0.274895,1
242,0.242,0.5,0.242,0,0.555485,-0.273152,0.0245697,0,0.274255,1
243,0.243,0.5,0.243,0,0.555922,-0.272447,0.0246375,0,0.273559,1
244,0.244,0.5,0.244,0,0.55636,-0.271702,0.0247016,0,0.272823,1
245,0.245,0.5,0.245,0,0.556799,-0.270957,0.0247657,0,0.272086,1
246,0.246,0.5,0.246,0,0.55724,-0.270212,0.0248298,0,0.27135,1
247,0.247,0.5,0.247,0,0.557682,-0.269467,0.0248939,0,0.270614,1
248,0.248,0.5,0.248,0,0.558125,-0.268721,0.0249581,0,0.269878,1
249,0.249,0.5,0.249,0,0.558571,-0.267976,0.0250222,0,0.269142,1
250,0.25,0.5,0.25,0,0.559017,-0.267231,0.0250863,0,0.268406,1
251,0.251,0.5,0.251,0,0.559465,-0.266486,0.0251504,0,0.26767,1
252,0.252,0.5,0.252,0,0.559914,-0.265741,0.0252145,0,0.266934,1
253,0.253,0.5,0.253,0,0.560365,-0.264957,0.0252744,0,0.26616,1
254,0.254,0.5,0.254,0,0.560817,-0.264132,0.0253295,0,0.265344,1
255,0.255,0.5,0.255,0,0.561271,-0.263306,0.0253846,0,0.264527,1
256,0.256,0.5,0.256,0,0.561726,-0.262481,0.0254397,0,0.263711,1
257,0.257,0.5,0.257,0,0.562182,-0.261655,0.0254948,0,0.262894,1
258,0.258,0.5,0.258,0,0.56264,-0.26083,0.0255499,0,0.262078,1
259,0.259,0.5,0.259,0,0.563099,-0.260004,0.025605,0,0.261262,1
260,0.26,0.5,0.26,0,0.56356,-0.259178,0.0256601,0,0.260446,1
261,0.261,0.5,0.261,0,0.564022,-0.258353,0.0257152,0,0.25963,1
262,0.262,0.5,0.262,0,0.564486,-0.257527,0.0257703,0,0.258813,1
263,0.263,0.5,0.263,0,0.56495,-0.256677,0.0258219,0,0.257973,1
264,0.264,0.5,0.264,0,0.565417,-0.255787,0.0258679,0,0.257091,1
265,0.265,0.5,0.265,0,0.565884,-0.254896,0.0259138,0,0.25621,1
266,0.266,0.5,0.266,0,0.566353,-0.254005,0.0259597,0,0.255328,1
267,0.267,0.5,0.267,0,0.566824,-0.253115,0.0260056,0,0.254447,1
268,0.268,0.5,0.268,0,0.567295,-0.252224,0.0260516,0,0.253566,1
269,0.269,0.5,0.269,0,0.567768,-0.251333,0.0260975,0,0.252684,1
270,0.27,0.5,0.27,0,0.568243,-0.250442,0.0261434,0,0.251803,1
271,0.271,0.5,0.271,0,0.568719,-0.249552,0.0261894,0,0.250922,1
272,0.272,0.5,0.272,0,0.569196,-0.248661,0.0262353,0,0.250041,1
273,0.273,0.5,0.273,0,0.569674,-0.247757,0.0262788,0,0.249146,1
274,0.274,0.5,0.274,0,0.570154,-0.246816,0.0263158,0,0.248215,1
275,0.275,0.5,0.275,0,0.570636,-0.245876,0.0263527,0,0.247284,1
276,0.276,0.5,0.276,0,0.571118,-0.244935,0.0263897,0,0.246352,1
277,0.277,0.5,0.277,0,0.571602,-0.243994,0.0264267,0,0.245421,1
278,0.278,0.5,0.278,0,0.572087,-0.243054,0.0264637,0,0.24449,1
279,0.279,0.5,0.279,0,0.572574,-0.242113,0.0265007,0,0.243559,1
280,0.28,0.5,0.28,0,0.573062,-0.241173,0.0265376,0,0.242628,1
281,0.281,0.5,0.281,0,0.573551,-0.240232,0.0265746,0,0.241697,1
282,0.282,0.5,0.282,0,0.574042,-0.239291,0.0266116,0,0.240767,1
283,0.283,0.5,0.283,0,0.574534,-0.238345,0.0266471,0,0.23983,1
284,0.284,0.5,0.284,0,0.575027,-0.237369,0.0266757,0,0.238863,1
285,0.285,0.5,0.285,0,0.575522,-0.236393,0.0267043,0,0.237897,1
286,0.286,0.5,0.286,0,0.576017,-0.235417,0.0267329,0,0.23693,1
287,0.287,0.5,0.287,0,0.576515,-0.234442,0.0267615,0,0.235964,1
288,0.288,0.5,0.288,0,0.577013,-0.233466,0.0267901,0,0.234998,1
289,0.289,0.5,0.289,0,0.577513,-0.23249,0.0268187,0,0.234032,1
290,0.29,0.5,0.29,0,0.578014,-0.231514,0.0268473,0,0.233066,1
291,0.291,0.5,0.291,0,0.578516,-0.230539,0.0268758,0,0.2321,1
292,0.292,0.5,0.292,0,0.57902,-0.229563,0.0269044,0,0.231134,1
293,0.293,0.5,0.293,0,0.579525,-0.228586,0.0269325,0,0.230167,1
294,0.294,0.5,0.294,0,0.580031,-0.227589,0.0269536,0,0.229179,1
295,0.295,0.5,0.295,0,0.580539,-0.226591,0.0269747,0,0.228191,1
296,0.296,0.5,0.296,0,0.581047,-0.225594,0.0269957,0,0.227204,1
297,0.297,0.5,0.297,0,0.581557,-0.224597,0.0270168,0,0.226216,1
298,0.298,0.5,0.298,0,0.582069,-0.2236,0.0270379,0,0.225229,1
299,0.299,0.5,0.299,0,0.582581,-0.222603,0.027059,0,0.224241,1
300,0.3,0.5,0.3,0,0.583095,-0.221606,0.0270801,0,0.223254,1
301,0.301,0.5,0.301,0,0.58361,-0.220608,0.0271012,0,0.222267,1
302,0.302,0.5,0.302,0,0.584127,-0.219611,0.0271222,0,0.22128,1
303,0.303,0.5,0.303,0,0.584644,-0.218614,0.0271433,0,0.220293,1
304,0.304,0.5,0.304,0,0.585163,-0.217608,0.0271582,0,0.219296,1
305,0.305,0.5,0.305,0,0.585683,-0.216602,0.027173,0,0.218299,1
306,0.306,0.5,0.306,0,0.586205,-0.215595,0.0271877,0,0.217303,1
307,0.307,0.5,0.307,0,0.586727,-0.214589,0.0272024,0,0.216306,1
308,0.308,0.5,0.308,0,0.587251,-0.213582,0.0272172,0,0.21531,1
309,0.309,0.5,0.309,0,0.587776,-0.212576,0.0272319,0,0.214313,1
310,0.31,0.5,0.31,0,0.588303,-0.21157,0.0272466,0,0.213317,1
311,0.311,0.5,0.311,0,0.58883,-0.210563,0.0272614,0,0.212321,1
312,0.312,0.5,0.312,0,0.589359,-0.209557,0.0272761,0,0.211325,1
313,0.313,0.5,0.313,0,0.589889,-0.208551,0.0272908,0,0.210329,1
314,0.314,0.5,0.314,0,0.59042,-0.207545,0.0273012,0,0.209333,1
315,0.315,0.5,0.315,0,0.590953,-0.20654,0.027311,0,0.208338,1
316,0.316,0.5,0.316,0,0.591486,-0.205535,0.0273207,0,0.207343,1
317,0.317,0.5,0.317,0,0.592021,-0.20453,0.0273304,0,0.206348,1
318,0.318,0.5,0.318,0,0.592557,-0.203525,0.0273402,0,0.205353,1
319,0.319,0.5,0.319,0,0.593094,-0.20252,0.0273499,0,0.204359,1
320,0.32,0.5,0.32,0,0.593633,-0.201515,0.0273597,0,0.203364,1
321,0.321,0.5,0.321,0,0.594173,-0.20051,0.0273694,0,0.202369,1
322,0.322,0.5,0.322,0,0.594713,-0.199505,0.0273792,0,0.201375,1
323,0.323,0.5,0.323,0,0.595255,-0.1985,0.0273889,0,0.200381,1
324,0.324,0.5,0.324,0,0.595799,-0.197502,0.027396,0,0.199394,1
325,0.325,0.5,0.325,0,0.596343,-0.196507,0.0274022,0,0.198409,1
326,0.326,0.5,0.326,0,0.596889,-0.195512,0.0274085,0,0.197424,1
327,0.327,0.5,0.327,0,0.597435,-0.194517,0.0274147,0,0.19644,1
328,0.328,0.5,0.328,0,0.597983,-0.193522,0.027421,0,0.195455,1
329,0.329,0.5,0.329,0,0.598532,-0.192527,0.0274273,0,0.194471,1
330,0.33,0.5,0.33,0,0.599083,-0.191532,0.0274335,0,0.193486,1
331,0.331,0.5,0.331,0,0.599634,-0.190537,0.0274398,0,0.192502,1
332,0.332,0.5,0.332,0,0.600187,-0.189542,0.027446,0,0.191518,1
333,0.333,0.5,0.333,0,0.60074,-0.188546,0.0274523,0,0.190534,1
334,0.334,0.5,0.334,0,0.601295,-0.187562,0.0274572,0,0.189561,1
335,0.335,0.5,0.335,0,0.601851,-0.186584,0.0274615,0,0.188594,1
336,0.336,0.5,0.336,0,0.602408,-0.185605,0.0274658,0,0.187626,1
337,0.337,0.5,0.337,0,0.602967,-0.184626,0.0274701,0,0.186659,1
338,0.338,0.5,0.338,0,0.603526,-0.183648,0.0274745,0,0.185692,1
339,0.339,0.5,0.339,0,0.604087,-0.182669,0.0274788,0,0.184725,1
340,0.34,0.5,0.34,0,0.604649,-0.181691,0.0274831,0,0.183757,1
341,0.341,0.5,0.341,0,0.605212,-0.180712,0.0274874,0,0.182791,1
342,0.342,0.5,0.342,0,0.605776,-0.179733,0.0274917,0,0.181824,1
343,0.343,0.5,0.343,0,0.606341,-0.178755,0.027496,0,0.180857,1
344,0.344,0.5,0.344,0,0.606907,-0.177788,0.0275,0,0.179902,1
345,0.345,0.5,0.345,0,0.607474,-0.176831,0.0275039,0,0.178957,1
346,0.346,0.5,0.346,0,0.608043,-0.175874,0.0275078,0,0.178012,1
347,0.347,0.5,0.347,0,0.608612,-0.174916,0.0275116,0,0.177066,1
348,0.348,0.5,0.348,0,0.609183,-0.173959,0.0275155,0,0.176121,1
349,0.349,0.5,0.349,0,0.609755,-0.173001,0.0275194,0,0.175176,1
350,0.35,0.5,0.35,0,0.610328,-0.172044,0.0275232,0,0.174232,1
351,0.351,0.5,0.351,0,0.610902,-0.171087,0.0275271,0,0.173287,1
352,0.352,0.5,0.352,0,0.611477,-0.170129,0.0275309,0,0.172342,1
353,0.353,0.5,0.353,0,0.612053,-0.169172,0.0275348,0,0.171398,1
354,0.354,0.5,0.354,0,0.61263,-0.168226,0.0275391,0,0.170465,1
355,0.355,0.5,0.355,0,0.613209,-0.167292,0.027544,0,0.169545,1
356,0.356,0.5,0.356,0,0.613788,-0.166359,0.0275488,0,0.168624,1
357,0.357,0.5,0.357,0,0.614369,-0.165426,0.0275537,0,0.167705,1
358,0.358,0.5,0.358,0,0.61495,-0.164492,0.0275586,0,0.166785,1
359,0.359,0.5,0.359,0,0.615533,-0.163559,0.0275634,0,0.165865,1
360,0.36,0.5,0.36,0,0.616117,-0.162625,0.0275683,0,0.164946,1
361,0.361,0.5,0.361,0,0.616702,-0.161692,0.0275731,0,0.164026,1
362,0.362,0.5,0.362,0,0.617288,-0.160759,0.027578,0,0.163107,1
363,0.363,0.5,0.363,0,0.617875,-0.159825,0.0275828,0,0.162188,1
364,0.364,0.5,0.364,0,0.618463,-0.158901,0.0275885,0,0.161278,1
365,0.365,0.5,0.365,0,0.619052,-0.157993,0.0275956,0,0.160385,1
366,0.366,0.5,0.366,0,0.619642,-0.157085,0.0276028,0,0.159492,1
367,0.367,0.5,0.367,0,0.620233,-0.156177,0.0276099,0,0.158598,1
368,0.368,0.5,0.368,0,0.620825,-0.155268,0.027617,0,0.157705,1
369,0.369,0.5,0.369,0,0.621419,-0.15436,0.0276241,0,0.156813,1
370,0.37,0.5,0.37,0,0.622013,-0.153452,0.0276313,0,0.15592,1
371,0.371,0.5,0.371,0,0.622608,-0.152544,0.0276384,0,0.155027,1
372,0.372,0.5,0.372,0,0.623205,-0.151636,0.0276455,0,0.154135,1
373,0.373,0.5,0.373,0,0.623802,-0.150727,0.0276527,0,0.153243,1
374,0.374,0.5,0.374,0,0.6244,-0.149826,0.0276607,0,0.152358,1
375,0.375,0.5,0.375,0,0.625,-0.148943,0.0276711,0,0.151491,1
376,0.376,0.5,0.376,0,0.625601,-0.14806,0.0276816,0,0.150625,1
377,0.377,0.5,0.377,0,0.626202,-0.147176,0.0276921,0,0.149759,1
378,0.378,0.5,0.378,0,0.626805,-0.146293,0.0277026,0,0.148893,1
379,0.379,0.5,0.379,0,0.627408,-0.14541,0.0277131,0,0.148027,1
380,0.38,0.5,0.38,0,0.628013,-0.144527,0.0277236,0,0.147162,1
381,0.381,0.5,0.381,0,0.628618,-0.143644,0.027734,0,0.146297,1
382,0.382,0.5,0.382,0,0.629225,-0.142761,0.0277445,0,0.145432,1
383,0.383,0.5,0.383,0,0.629833,-0.141877,0.027755,0,0.144567,1
384,0.384,0.5,0.384,0,0.630441,-0.140998,0.0277662,0,0.143706,1
385,0.385,0.5,0.385,0,0.631051,-0.140139,0.0277808,0,0.142866,1
386,0.386,0.5,0.386,0,0.631661,-0.139279,0.0277955,0,0.142026,1
387,0.387,0.5,0.387,0,0.632273,-0.13842,0.0278102,0,0.141186,1
388,0.388,0.5,0.388,0,0.632885,-0.13756,0.0278249,0,0.140346,1
389,0.389,0.5,0.389,0,0.633499,-0.136701,0.0278396,0,0.139507,1
390,0.39,0.5,0.39,0,0.634114,-0.135841,0.0278542,0,0.138668,1
391,0.391,0.5,0.391,0,0.634729,-0.134982,0.0278689,0,0.137829,1
392,0.392,0.5,0.392,0,0.635346,-0.134122,0.0278836,0,0.13699,1
393,0.393,0.5,0.393,0,0.635963,-0.133263,0.0278983,0,0.136152,1
394,0.394,0.5,0.394,0,0.636581,-0.132405,0.0279133,0,0.135315,1
395,0.395,0.5,0.395,0,0.637201,-0.131567,0.0279328,0,0.134499,1
396,0.396,0.5,0.396,0,0.637821,-0.130729,0.0279523,0,0.133684,1
397,0.397,0.5,0.397,0,0.638443,-0.129891,0.0279718,0,0.132869,1
398,0.398,0.5,0.398,0,0.639065,-0.129053,0.0279913,0,0.132054,1
399,0.399,0.5,0.399,0,0.639688,-0.128215,0.0280108,0,0.131239,1
400,0.4,0.5,0.4,0,0.640312,-0.127377,0.0280303,0,0.130425,1
401,0.401,0.5,0.401,0,0.640938,-0.12654,0.0280498,0,0.129611,1
402,0.402,0.5,0.402,0,0.641564,-0.125702,0.0280693,0,0.128797,1
403,0.403,0.5,0.403,0,0.642191,-0.124864,0.0280888,0,0.127984,1
404,0.404,0.5,0.404,0,0.642819,-0.124026,0.0281084,0,0.127171,1
405,0.405,0.5,0.405,0,0.643448,-0.123206,0.0281329,0,0.126377,1
406,0.406,0.5,0.406,0,0.644078,-0.122388,0.0281576,0,0.125585,1
407,0.407,0.5,0.407,0,0.644708,-0.121569,0.0281824,0,0.124793,1
408,0.408,0.5,0.408,0,0.64534,-0.12075,0.0282071,0,0.124001,1
409,0.409,0.5,0.409,0,0.645973,-0.119931,0.0282319,0,0.123209,1
410,0.41,0.5,0.41,0,0.646607,-0.119112,0.0282566,0,0.122418,1
411,0.411,0.5,0.411,0,0.647241,-0.118293,0.0282814,0,0.121627,1
412,0.412,0.5,0.412,0,0.647877,-0.117475,0.0283061,0,0.120837,1
413,0.413,0.5,0.413,0,0.648513,-0.116656,0.0283309,0,0.120047,1
414,0.414,0.5,0.414,0,0.64915,-0.115837,0.0283556,0,0.119257,1
415,0.415,0.5,0.415,0,0.649788,-0.115032,0.028385,0,0.118482,1
416,0.416,0.5,0.416,0,0.650428,-0.114229,0.0284152,0,0.117711,1
417,0.417,0.5,0.417,0,0.651068,-0.113427,0.0284454,0,0.116939,1
418,0.418,0.5,0.418,0,0.651709,-0.112624,0.0284755,0,0.116168,1
419,0.419,0.5,0.419,0,0.65235,-0.111821,0.0285057,0,0.115398,1
420,0.42,0.5,0.42,0,0.652993,-0.111019,0.0285359,0,0.114627,1
421,0.421,0.5,0.421,0,0.653637,-0.110216,0.0285661,0,0.113858,1
422,0.422,0.5,0.422,0,0.654281,-0.109413,0.0285962,0,0.113089,1
423,0.423,0.5,0.423,0,0.654927,-0.108611,0.0286264,0,0.11232,1
424,0.424,0.5,0.424,0,0.655573,-0.107808,0.0286566,0,0.111552,1
425,0.425,0.5,0.425,0,0.65622,-0.107015,0.0286909,0,0.110795,1
426,0.426,0.5,0.426,0,0.656868,-0.106226,0.0287265,0,0.110042,1
427,0.427,0.5,0.427,0,0.657517,-0.105436,0.0287621,0,0.109289,1
428,0.428,0.5,0.428,0,0.658167,-0.104647,0.0287978,0,0.108537,1
429,0.429,0.5,0.429,0,0.658818,-0.103857,0.0288334,0,0.107785,1
430,0.43,0.5,0.43,0,0.659469,-0.103068,0.028869,0,0.107035,1
431,0.431,0.5,0.431,0,0.660122,-0.102278,0.0289046,0,0.106284,1
432,0.432,0.5,0.432,0,0.660775,-0.101489,0.0289403,0,0.105534,1
433,0.433,0.5,0.433,0,0.66143,-0.100699,0.0289759,0,0.104785,1
434,0.434,0.5,0.434,0,0.662085,-0.0999098,0.0290115,0,0.104037,1
435,0.435,0.5,0.435,0,0.662741,-0.0991271,0.0290506,0,0.103296,1
436,0.436,0.5,0.436,0,0.663397,-0.0983479,0.0290916,0,0.10256,1
437,0.437,0.5,0.437,0,0.664055,-0.0975687,0.0291325,0,0.101825,1
438,0.438,0.5,0.438,0,0.664713,-0.0967895,0.0291735,0,0.101091,1
439,0.439,0.5,0.439,0,0.665373,-0.0960102,0.0292144,0,0.100357,1
440,0.44,0.5,0.44,0,0.666033,-0.0952311,0.0292553,0,0.0996234,1
441,0.441,0.5,0.441,0,0.666694,-0.0944518,0.0292963,0,0.098891,1
442,0.442,0.5,0.442,0,0.667356,-0.0936726,0.0293372,0,0.0981592,1
443,0.443,0.5,0.443,0,0.668019,-0.0928935,0.0293782,0,0.0974283,1
444,0.444,0.5,0.444,0,0.668682,-0.0921142,0.0294191,0,0.0966981,1
445,0.445,0.5,0.445,0,0.669347,-0.0913392,0.0294629,0,0.0959735,1
446,0.446,0.5,0.446,0,0.670012,-0.0905676,0.0295089,0,0.0952537,1
447,0.447,0.5,0.447,0,0.670678,-0.089796,0.0295549,0,0.0945347,1
448,0.448,0.5,0.448,0,0.671345,-0.0890243,0.0296009,0,0.0938166,1
449,0.449,0.5,0.449,0,0.672013,-0.0882527,0.029647,0,0.0930993,1
450,0.45,0.5,0.45,0,0.672681,-0.0874811,0.029693,0,0.0923829,1
451,0.451,0.5,0.451,0,0.673351,-0.0867094,0.029739,0,0.0916675,1
452,0.452,0.5,0.452,0,0.674021,-0.0859378,0.029785,0,0.090953,1
453,0.453,0.5,0.453,0,0.674692,-0.0851661,0.029831,0,0.0902395,1
454,0.454,0.5,0.454,0,0.675364,-0.0843945,0.029877,0,0.0895269,1
455,0.455,0.5,0.455,0,0.676036,-0.0836252,0.0299252,0,0.0888183,1
456,0.456,0.5,0.456,0,0.67671,-0.0828586,0.029976,0,0.0881142,1
457,0.457,0.5,0.457,0,0.677384,-0.0820921,0.0300267,0,0.0874112,1
458,0.458,0.5,0.458,0,0.678059,-0.0813255,0.0300775,0,0.0867093,1
459,0.459,0.5,0.459,0,0.678735,-0.080559,0.0301282,0,0.0860085,1
460,0.46,0.5,0.46,0,0.679412,-0.0797924,0.030179,0,0.0853089,1
461,0.461,0.5,0.461,0,0.680089,-0.0790259,0.0302298,0,0.0846105,1
462,0.462,0.5,0.462,0,0.680767,-0.0782593,0.0302805,0,0.0839132,1
463,0.463,0.5,0.463,0,0.681446,-0.0774928,0.0303313,0,0.0832173,1
464,0.464,0.5,0.464,0,0.682126,-0.0767263,0.030382,0,0.0825226,1
465,0.465,0.5,0.465,0,0.682807,-0.0759607,0.0304343,0,0.0818308,1
466,0.466,0.5,0.466,0,0.683488,-0.0751971,0.0304894,0,0.0811431,1
467,0.467,0.5,0.467,0,0.68417,-0.0744334,0.0305445,0,0.0804568,1
468,0.468,0.5,0.468,0,0.684853,-0.0736697,0.0305996,0,0.079772,1
469,0.469,0.5,0.469,0,0.685537,-0.0729061,0.0306547,0,0.0790886,1
470,0.47,0.5,0.47,0,0.686222,-0.0721424,0.0307098,0,0.0784068,1
471,0.471,0.5,0.471,0,0.686907,-0.0713787,0.0307649,0,0.0777265,1
472,0.472,0.5,0.472,0,0.687593,-0.0706151,0.03082,0,0.0770478,1
473,0.473,0.5,0.473,0,0.68828,-0.0698514,0.0308751,0,0.0763708,1
474,0.474,0.5,0.474,0,0.688967,-0.0690877,0.0309302,0,0.0756954,1
475,0.475,0.5,0.475,0,0.689656,-0.0683243,0.0309863,0,0.0750224,1
476,0.476,0.5,0.476,0,0.690345,-0.0675616,0.0310453,0,0.0743531,1
477,0.477,0.5,0.477,0,0.691035,-0.0667989,0.0311043,0,0.0736856,1
478,0.478,0.5,0.478,0,0.691725,-0.0660362,0.0311633,0,0.0730201,1
479,0.479,0.5,0.479,0,0.692417,-0.0652735,0.0312223,0,0.0723565,1
480,0.48,0.5,0.48,0,0.693109,-0.0645108,0.0312813,0,0.071695,1
481,0.481,0.5,0.481,0,0.693802,-0.0637481,0.0313404,0,0.0710355,1
482,0.482,0.5,0.482,0,0.694495,-0.0629854,0.0313994,0,0.0703782,1
483,0.483,0.5,0.483,0,0.69519,-0.0622227,0.0314584,0,0.069723,1
484,0.484,0.5,0.484,0,0.695885,-0.06146,0.0315174,0,0.0690701,1
485,0.485,0.5,0.485,0,0.696581,-0.0606972,0.0315769,0,0.0684197,1
486,0.486,0.5,0.486,0,0.697278,-0.0599338,0.0316394,0,0.0677725,1
487,0.487,0.5,0.487,0,0.697975,-0.0591705,0.0317019,0,0.0671279,1
488,0.488,0.5,0.488,0,0.698673,-0.0584071,0.0317643,0,0.0664858,1
489,0.489,0.5,0.489,0,0.699372,-0.0576437,0.0318268,0,0.0658463,1
490,0.49,0.5,0.49,0,0.700071,-0.0568803,0.0318893,0,0.0652096,1
491,0.491,0.5,0.491,0,0.700772,-0.0561169,0.0319517,0,0.0645757,1
492,0.492,0.5,0.492,0,0.701473,-0.0553535,0.0320142,0,0.0639447,1
493,0.493,0.5,0.493,0,0.702174,-0.0545902,0.0320767,0,0.0633167,1
494,0.494,0.5,0.494,0,0.702877,-0.0538268,0.0321392,0,0.0626917,1
495,0.495,0.5,0.495,0,0.70358,-0.0530633,0.0322018,0,0.0620699,1
496,0.496,0.5,0.496,0,0.704284,-0.0522979,0.0322672,0,0.0614512,1
497,0.497,0.5,0.497,0,0.704989,-0.0515325,0.0323327,0,0.0608359,1
498,0.498,0.5,0.498,0,0.705694,-0.0507672,0.0323982,0,0.0602241,1
499,0.499,0.5,0.499,0,0.7064,-0.0500018,0.0324636,0,0.059616,1
500,0.5,0.5,0.5,0,0.707107,-0.0492364,0.0325291,0,0.0590116,1
501,0.501,0.5,0.501,0,0.707814,-0.048471,0.0325946,0,0.058411,1
502,0.502,0.5,0.502,0,0.708522,-0.0477056,0.03266,0,0.0578144,1
503,0.503,0.5,0.503,0,0.709231,-0.0469402,0.0327255,0,0.0572219,1
504,0.504,0.5,0.504,0,0.709941,-0.0461749,0.032791,0,0.0566336,1
505,0.505,0.5,0.505,0,0.710651,-0.0454095,0.0328564,0,0.0560497,1
506,0.506,0.5,0.506,0,0.711362,-0.044641,0.0329243,0,0.0554691,1
507,0.507,0.5,0.507,0,0.712074,-0.0438722,0.0329923,0,0.0548932,1
508,0.508,0.5,0.508,0,0.712786,-0.0431035,0.0330604,0,0.0543222,1
509,0.509,0.5,0.509,0,0.713499,-0.0423348,0.0331284,0,0.0537562,1
510,0.51,0.5,0.51,0,0.714213,-0.0415661,0.0331964,0,0.0531953,1
511,0.511,0.5,0.511,0,0.714927,-0.0407974,0.0332644,0,0.0526398,1
512,0.512,0.5,0.512,0,0.715642,-0.0400287,0.0333324,0,0.0520898,1
513,0.513,0.5,0.513,0,0.716358,-0.03926,0.0334005,0,0.0515455,1
514,0.514,0.5,0.514,0,0.717075,-0.0384913,0.0334685,0,0.0510071,1
515,0.515,0.5,0.515,0,0.717792,-0.0377226,0.0335365,0,0.0504747,1
516,0.516,0.5,0.516,0,0.71851,-0.0369503,0.0336063,0,0.0499471,1
517,0.517,0.5,0.517,0,0.719228,-0.0361774,0.0336764,0,0.0494257,1
518,0.518,0.5,0.518,0,0.719947,-0.0354045,0.0337465,0,0.0489112,1
519,0.519,0.5,0.519,0,0.720667,-0.0346315,0.0338166,0,0.0484036,1
520,0.52,0.5,0.52,0,0.721388,-0.0338586,0.0338867,0,0.0479032,1
521,0.521,0.5,0.521,0,0.722109,-0.0330856,0.0339568,0,0.0474102,1
522,0.522,0.5,0.522,0,0.722831,-0.0323127,0.034027,0,0.0469249,1
523,0.523,0.5,0.523,0,0.723553,-0.0315398,0.0340971,0,0.0464475,1
524,0.524,0.5,0.524,0,0.724276,-0.0307669,0.0341672,0,0.0459782,1
525,0.525,0.5,0.525,0,0.725,-0.029994,0.0342373,0,0.0455173,1
526,0.526,0.5,0.526,0,0.725724,-0.0292172,0.0343086,0,0.0450636,1
527,0.527,0.5,0.527,0,0.72645,-0.0284393,0.0343804,0,0.0446184,1
528,0.528,0.5,0.528,0,0.727175,-0.0276614,0.0344521,0,0.0441826,1
529,0.529,0.5,0.529,0,0.727902,-0.0268834,0.0345239,0,0.0437563,1
530,0.53,0.5,0.53,0,0.728629,-0.0261055,0.0345956,0,0.04334,1
531,0.531,0.5,0.531,0,0.729357,-0.0253275,0.0346674,0,0.0429338,1
532,0.532,0.5,0.532,0,0.730085,-0.0245496,0.0347392,0,0.0425381,1
533,0.533,0.5,0.533,0,0.730814,-0.0237717,0.0348109,0,0.0421532,1
534,0.534,0.5,0.534,0,0.731544,-0.0229937,0.0348827,0,0.0417793,1
535,0.535,0.5,0.535,0,0.732274,-0.0222157,0.0349544,0,0.0414168,1
536,0.536,0.5,0.536,0,0.733005,-0.0214342,0.035027,0,0.0410647,1
537,0.537,0.5,0.537,0,0.733736,-0.0206506,0.0351,0,0.0407241,1
538,0.538,0.5,0.538,0,0.734469,-0.019867,0.0351729,0,0.040396,1
539,0.539,0.5,0.539,0,0.735201,-0.0190835,0.0352459,0,0.0400806,1
540,0.54,0.5,0.54,0,0.735935,-0.0182999,0.0353189,0,0.0397783,1
541,0.541,0.5,0.541,0,0.736669,-0.0175163,0.0353919,0,0.0394893,1
542,0.542,0.5,0.542,0,0.737404,-0.0167327,0.0354649,0,0.0392141,1
543,0.543,0.5,0.543,0,0.738139,-0.0159492,0.0355379,0,0.0389527,1
544,0.544,0.5,0.544,0,0.738875,-0.0151656,0.0356108,0,0.0387056,1
545,0.545,0.5,0.545,0,0.739611,-0.014382,0.0356838,0,0.0384731,1
546,0.546,0.5,0.546,0,0.740349,-0.0135951,0.0357572,0,0.0382545,1
547,0.547,0.5,0.547,0,0.741086,-0.0128054,0.035831,0,0.0380505,1
548,0.548,0.5,0.548,0,0.741825,-0.0120157,0.0359048,0,0.037862,1
549,0.549,0.5,0.549,0,0.742564,-0.011226,0.0359785,0,0.0376892,1
550,0.55,0.5,0.55,0,0.743303,-0.0104363,0.0360523,0,0.0375324,1
551,0.551,0.5,0.551,0,0.744044,-0.00964659,0.036126,0,0.0373918,1
552,0.552,0.5,0.552,0,0.744785,-0.0088569,0.0361998,0,0.0372675,1
553,0.553,0.5,0.553,0,0.745526,-0.00806721,0.0362736,0,0.0371598,1
554,0.554,0.5,0.554,0,0.746268,-0.00727746,0.0363473,0,0.0370687,1
555,0.555,0.5,0.555,0,0.747011,-0.00648777,0.0364211,0,0.0369944,1
556,0.556,0.5,0.556,0,0.747754,-0.00569518,0.0364954,0,0.0369371,1
557,0.557,0.5,0.557,0,0.748498,-0.00489898,0.0365704,0,0.036897,1
558,0.558,0.5,0.558,0,0.749242,-0.00410273,0.0366453,0,0.0368743,1
559,0.559,0.5,0.559,0,0.749987,-0.00330653,0.0367203,0,0.0368689,1
560,0.56,0.5,0.56,0,0.750733,-0.00251032,0.0367953,0,0.0368808,1
561,0.561,0.5,0.561,0,0.751479,-0.00171412,0.0368703,0,0.0369101,1
562,0.562,0.5,0.562,0,0.752226,-0.000917917,0.0369452,0,0.0369566,1
563,0.563,0.5,0.563,0,0.752973,-0.000121666,0.0370202,0,0.0370204,1
564,0.564,0.5,0.564,0,0.753721,0.000674537,0.0370952,0,0.0371013,1
565,0.565,0.5,0.565,0,0.75447,0.00147074,0.0371702,0,0.0371992,1
566,0.566,0.5,0.566,0,0.755219,0.00226921,0.0372453,0,0.0373144,1
567,0.567,0.5,0.567,0,0.755969,0.00307203,0.0373209,0,0.0374472,1
568,0.568,0.5,0.568,0,0.756719,0.0038749,0.0373966,0,0.0375968,1
569,0.569,0.5,0.569,0,0.75747,0.00467772,0.0374722,0,0.037763,1
570,0.57,0.5,0.57,0,0.758222,0.00548054,0.0375478,0,0.0379456,1
571,0.571,0.5,0.571,0,0.758974,0.00628336,0.0376234,0,0.0381444,1
572,0.572,0.5,0.572,0,0.759726,0.00708623,0.037699,0,0.0383592,1
573,0.573,0.5,0.573,0,0.760479,0.00788905,0.0377746,0,0.0385896,1
574,0.574,0.5,0.574,0,0.761233,0.00869187,0.0378502,0,0.0388353,1
575,0.575,0.5,0.575,0,0.761988,0.00949469,0.0379258,0,0.0390962,1
576,0.576,0.5,0.576,0,0.762742,0.0102992,0.0380014,0,0.0393723,1
577,0.577,0.5,0.577,0,0.763498,0.011109,0.038077,0,0.0396644,1
578,0.578,0.5,0.578,0,0.764254,0.0119187,0.0381526,0,0.0399709,1
579,0.579,0.5,0.579,0,0.76501,0.0127284,0.0382282,0,0.0402915,1
580,0.58,0.5,0.58,0,0.765768,0.0135381,0.0383037,0,0.0406258,1
581,0.581,0.5,0.581,0,0.766525,0.0143479,0.0383793,0,0.0409736,1
582,0.582,0.5,0.582,0,0.767284,0.0151576,0.0384549,0,0.0413344,1
583,0.583,0.5,0.583,0,0.768042,0.0159674,0.0385305,0,0.041708,1
584,0.584,0.5,0.584,0,0.768802,0.0167771,0.0386061,0,0.042094,1
585,0.585,0.5,0.585,0,0.769562,0.0175868,0.0386817,0,0.042492,1
586,0.586,0.5,0.586,0,0.770322,0.0183977,0.0387574,0,0.0429023,1
587,0.587,0.5,0.587,0,0.771083,0.0192149,0.0388334,0,0.0433272,1
588,0.588,0.5,0.588,0,0.771845,0.0200322,0.0389094,0,0.0437634,1
589,0.589,0.5,0.589,0,0.772607,0.0208494,0.0389855,0,0.0442105,1
590,0.59,0.5,0.59,0,0.773369,0.0216667,0.0390615,0,0.0446682,1
591,0.591,0.5,0.591,0,0.774132,0.022484,0.0391376,0,0.0451362,1
592,0.592,0.5,0.592,0,0.774896,0.0233012,0.0392136,0,0.0456142,1
593,0.593,0.5,0.593,0,0.77566,0.0241185,0.0392896,0,0.0461018,1
594,0.594,0.5,0.594,0,0.776425,0.0249357,0.0393657,0,0.0465988,1
595,0.595,0.5,0.595,0,0.77719,0.025753,0.0394417,0,0.0471048,1
596,0.596,0.5,0.596,0,0.777956,0.0265706,0.0395177,0,0.0476198,1
597,0.597,0.5,0.597,0,0.778723,0.027396,0.0395939,0,0.0481479,1
598,0.598,0.5,0.598,0,0.77949,0.0282214,0.0396701,0,0.0486843,1
599,0.599,0.5,0.599,0,0.780257,0.0290467,0.0397462,0,0.0492288,1
600,0.6,0.5,0.6,0,0.781025,0.0298722,0.0398224,0,0.0497812,1
601,0.601,0.5,0.601,0,0.781793,0.0306975,0.0398985,0,0.0503412,1
602,0.602,0.5,0.602,0,0.782562,0.0315229,0.0399747,0,0.0509084,1
603,0.603,0.5,0.603,0,0.783332,0.0323483,0.0400508,0,0.0514828,1
604,0.604,0.5,0.604,0,0.784102,0.0331737,0.040127,0,0.0520641,1
605,0.605,0.5,0.605,0,0.784873,0.0339991,0.0402032,0,0.052652,1
606,0.606,0.5,0.606,0,0.785644,0.0348245,0.0402793,0,0.0532463,1
607,0.607,0.5,0.607,0,0.786415,0.035658,0.0403553,0,0.0538521,1
608,0.608,0.5,0.608,0,0.787187,0.036492,0.0404313,0,0.0544643,1
609,0.609,0.5,0.609,0,0.78796,0.0373261,0.0405074,0,0.0550825,1
610,0.61,0.5,0.61,0,0.788733,0.0381601,0.0405834,0,0.0557064,1
611,0.611,0.5,0.611,0,0.789507,0.0389942,0.0406594,0,0.0563359,1
612,0.612,0.5,0.612,0,0.790281,0.0398282,0.0407354,0,0.0569707,1
613,0.613,0.5,0.613,0,0.791056,0.0406622,0.0408114,0,0.0576107,1
614,0.614,0.5,0.614,0,0.791831,0.0414963,0.0408875,0,0.0582557,1
615,0.615,0.5,0.615,0,0.792606,0.0423304,0.0409635,0,0.0589056,1
616,0.616,0.5,0.616,0,0.793383,0.0431644,0.0410395,0,0.0595601,1
617,0.617,0.5,0.617,0,0.794159,0.0440061,0.0411152,0,0.0602245,1
618,0.618,0.5,0.618,0,0.794936,0.0448492,0.0411908,0,0.0608945,1
619,0.619,0.5,0.619,0,0.795714,0.0456924,0.0412665,0,0.0615688,1
620,0.62,0.5,0.62,0,0.796492,0.0465355,0.0413421,0,0.0622473,1
621,0.621,0.5,0.621,0,0.797271,0.0473786,0.0414178,0,0.0629298,1
622,0.622,0.5,0.622,0,0.79805,0.0482218,0.0414934,0,0.0636164,1
623,0.623,0.5,0.623,0,0.79883,0.0490649,0.0415691,0,0.0643067,1
624,0.624,0.5,0.624,0,0.79961,0.0499081,0.0416447,0,0.0650007,1
625,0.625,0.5,0.625,0,0.800391,0.0507512,0.0417203,0,0.0656983,1
626,0.626,0.5,0.626,0,0.801172,0.0515943,0.041796,0,0.0663994,1
627,0.627,0.5,0.627,0,0.801953,0.0524444,0.0418711,0,0.0671089,1
628,0.628,0.5,0.628,0,0.802735,0.053297,0.0419461,0,0.0678236,1
629,0.629,0.5,0.629,0,0.803518,0.0541495,0.0420211,0,0.0685415,1
630,0.63,0.5,0.63,0,0.804301,0.055002,0.0420961,0,0.0692626,1
631,0.631,0.5,0.631,0,0.805084,0.0558546,0.0421711,0,0.0699867,1
632,0.632,0.5,0.632,0,0.805869,0.0567071,0.0422461,0,0.0707137,1
633,0.633,0.5,0.633,0,0.806653,0.0575597,0.0423211,0,0.0714436,1
634,0.634,0.5,0.634,0,0.807438,0.0584122,0.0423961,0,0.0721763,1
635,0.635,0.5,0.635,0,0.808223,0.0592647,0.0424711,0,0.0729116,1
636,0.636,0.5,0.636,0,0.809009,0.0601173,0.0425461,0,0.0736495,1
637,0.637,0.5,0.637,0,0.809796,0.0609759,0.0426204,0,0.0743947,1
638,0.638,0.5,0.638,0,0.810583,0.061838,0.0426945,0,0.0751449,1
639,0.639,0.5,0.639,0,0.81137,0.0627001,0.0427685,0,0.0758976,1
640,0.64,0.5,0.64,0,0.812158,0.0635622,0.0428425,0,0.0766527,1
641,0.641,0.5,0.641,0,0.812946,0.0644243,0.0429166,0,0.0774101,1
642,0.642,0.5,0.642,0,0.813735,0.0652864,0.0429906,0,0.0781698,1
643,0.643,0.5,0.643,0,0.814524,0.0661485,0.0430647,0,0.0789316,1
644,0.644,0.5,0.644,0,0.815313,0.0670106,0.0431387,0,0.0796955,1
645,0.645,0.5,0.645,0,0.816104,0.0678727,0.0432127,0,0.0804614,1
646,0.646,0.5,0.646,0,0.816894,0.0687348,0.0432868,0,0.0812294,1
647,0.647,0.5,0.647,0,0.817685,0.0696021,0.0433601,0,0.0820033,1
648,0.648,0.5,0.648,0,0.818477,0.0704737,0.0434328,0,0.0827826,1
649,0.649,0.5,0.649,0,0.819269,0.0713454,0.0435056,0,0.0835638,1
650,0.65,0.5,0.65,0,0.820061,0.0722171,0.0435783,0,0.0843468,1
651,0.651,0.5,0.651,0,0.820854,0.0730888,0.0436511,0,0.0851316,1
652,0.652,0.5,0.652,0,0.821647,0.0739605,0.0437238,0,0.0859181,1
653,0.653,0.5,0.653,0,0.822441,0.0748321,0.0437966,0,0.0867063,1
654,0.654,0.5,0.654,0,0.823235,0.0757038,0.0438693,0,0.0874962,1
655,0.655,0.5,0.655,0,0.82403,0.0765755,0.043942,0,0.0882876,1
656,0.656,0.5,0.656,0,0.824825,0.0774472,0.0440148,0,0.0890807,1
657,0.657,0.5,0.657,0,0.82562,0.078323,0.0440868,0,0.0898784,1
658,0.658,0.5,0.658,0,0.826416,0.079204,0.0441578,0,0.0906818,1
659,0.659,0.5,0.659,0,0.827213,0.0800851,0.0442289,0,0.0914867,1
660,0.66,0.5,0.66,0,0.82801,0.0809663,0.0442999,0,0.0922931,1
661,0.661,0.5,0.661,0,0.828807,0.0818474,0.044371,0,0.0931009,1
662,0.662,0.5,0.662,0,0.829605,0.0827285,0.044442,0,0.09391,1
663,0.663,0.5,0.663,0,0.830403,0.0836096,0.044513,0,0.0947205,1
664,0.664,0.5,0.664,0,0.831201,0.0844906,0.0445841,0,0.0955322,1
665,0.665,0.5,0.665,0,0.832001,0.0853718,0.0446551,0,0.0963453,1
666,0.666,0.5,0.666,0,0.8328,0.0862529,0.0447262,0,0.0971596,1
667,0.667,0.5,0.667,0,0.8336,0.087137,0.0447965,0,0.0979774,1
668,0.668,0.5,0.668,0,0.8344,0.0880271,0.0448653,0,0.0988012,1
669,0.669,0.5,0.669,0,0.835201,0.0889173,0.0449342,0,0.0996262,1
670,0.67,0.5,0.67,0,0.836002,0.0898075,0.0450031,0,0.100452,1
671,0.671,0.5,0.671,0,0.836804,0.0906976,0.0450719,0,0.101279,1
672,0.672,0.5,0.672,0,0.837606,0.0915877,0.0451408,0,0.102108,1
673,0.673,0.5,0.673,0,0.838409,0.0924779,0.0452097,0,0.102937,1
674,0.674,0.5,0.674,0,0.839212,0.0933681,0.0452785,0,0.103768,1
675,0.675,0.5,0.675,0,0.840015,0.0942582,0.0453474,0,0.104599,1
676,0.676,0.5,0.676,0,0.840819,0.0951484,0.0454162,0,0.105432,1
677,0.677,0.5,0.677,0,0.841623,0.0960405,0.0454845,0,0.106267,1
678,0.678,0.5,0.678,0,0.842427,0.096939,0.0455506,0,0.107108,1
679,0.679,0.5,0.679,0,0.843233,0.0978376,0.0456167,0,0.107949,1
680,0.68,0.5,0.68,0,0.844038,0.0987362,0.0456829,0,0.108792,1
681,0.681,0.5,0.681,0,0.844844,0.0996347,0.045749,0,0.109636,1
682,0.682,0.5,0.682,0,0.84565,0.100533,0.0458151,0,0.110481,1
683,0.683,0.5,0.683,0,0.846457,0.101432,0.0458813,0,0.111326,1
684,0.684,0.5,0.684,0,0.847264,0.10233,0.0459474,0,0.112173,1
685,0.685,0.5,0.685,0,0.848071,0.103229,0.0460135,0,0.11302,1
686,0.686,0.5,0.686,0,0.848879,0.104128,0.0460797,0,0.113868,1
687,0.687,0.5,0.687,0,0.849688,0.105027,0.0461454,0,0.114717,1
688,0.688,0.5,0.688,0,0.850496,0.105933,0.0462082,0,0.115573,1
689,0.689,0.5,0.689,0,0.851305,0.106839,0.046271,0,0.116429,1
690,0.69,0.5,0.69,0,0.852115,0.107745,0.0463338,0,0.117285,1
691,0.691,0.5,0.691,0,0.852925,0.108651,0.0463966,0,0.118143,1
692,0.692,0.5,0.692,0,0.853735,0.109557,0.0464594,0,0.119001,1
693,0.693,0.5,0.693,0,0.854546,0.110464,0.0465222,0,0.11986,1
694,0.694,0.5,0.694,0,0.855357,0.11137,0.046585,0,0.12072,1
695,0.695,0.5,0.695,0,0.856169,0.112276,0.0466478,0,0.121581,1
696,0.696,0.5,0.696,0,0.856981,0.113182,0.0467106,0,0.122442,1
697,0.697,0.5,0.697,0,0.857793,0.114088,0.0467732,0,0.123304,1
698,0.698,0.5,0.698,0,0.858606,0.115,0.046832,0,0.124171,1
699,0.699,0.5,0.699,0,0.859419,0.115913,0.0468909,0,0.125038,1
700,0.7,0.5,0.7,0,0.860233,0.116825,0.0469497,0,0.125906,1
701,0.701,0.5,0.701,0,0.861046,0.117738,0.0470085,0,0.126775,1
702,0.702,0.5,0.702,0,0.861861,0.11865,0.0470673,0,0.127645,1
703,0.703,0.5,0.703,0,0.862675,0.119563,0.0471261,0,0.128515,1
704,0.704,0.5,0.704,0,0.863491,0.120475,0.0471849,0,0.129386,1
705,0.705,0.5,0.705,0,0.864306,0.121388,0.0472437,0,0.130257,1
706,0.706,0.5,0.706,0,0.865122,0.1223,0.0473025,0,0.131129,1
707,0.707,0.5,0.707,0,0.865938,0.123213,0.0473613,0,0.132002,1
708,0.708,0.5,0.708,0,0.866755,0.12413,0.0474157,0,0.132878,1
709,0.709,0.5,0.709,0,0.867572,0.125047,0.0474698,0,0.133754,1
710,0.71,0.5,0.71,0,0.868389,0.125965,0.047524,0,0.134631,1
711,0.711,0.5,0.711,0,0.869207,0.126882,0.0475781,0,0.135509,1
712,0.712,0.5,0.712,0,0.870025,0.1278,0.0476322,0,0.136388,1
713,0.713,0.5,0.713,0,0.870844,0.128717,0.0476863,0,0.137266,1
714,0.714,0.5,0.714,0,0.871663,0.129634,0.0477404,0,0.138146,1
715,0.715,0.5,0.715,0,0.872482,0.130552,0.0477945,0,0.139026,1
716,0.716,0.5,0.716,0,0.873302,0.131469,0.0478486,0,0.139906,1
717,0.717,0.5,0.717,0,0.874122,0.132387,0.0479027,0,0.140787,1
718,0.718,0.5,0.718,0,0.874942,0.133307,0.0479523,0,0.141669,1
719,0.719,0.5,0.719,0,0.875763,0.134228,0.0480009,0,0.142552,1
720,0.72,0.5,0.72,0,0.876584,0.135148,0.0480496,0,0.143436,1
721,0.721,0.5,0.721,0,0.877406,0.136069,0.0480982,0,0.14432,1
722,0.722,0.5,0.722,0,0.878228,0.13699,0.0481469,0,0.145204,1
723,0.723,0.5,0.723,0,0.87905,0.137911,0.0481955,0,0.146089,1
724,0.724,0.5,0.724,0,0.879873,0.138831,0.0482442,0,0.146975,1
725,0.725,0.5,0.725,0,0.880696,0.139752,0.0482928,0,0.147861,1
726,0.726,0.5,0.726,0,0.881519,0.140673,0.0483415,0,0.148747,1
727,0.727,0.5,0.727,0,0.882343,0.141593,0.0483901,0,0.149634,1
728,0.728,0.5,0.728,0,0.883167,0.142515,0.0484342,0,0.15052,1
729,0.729,0.5,0.729,0,0.883991,0.143437,0.0484766,0,0.151407,1
730,0.73,0.5,0.73,0,0.884816,0.144359,0.048519,0,0.152295,1
731,0.731,0.5,0.731,0,0.885642,0.145281,0.0485614,0,0.153182,1
732,0.732,0.5,0.732,0,0.886467,0.146203,0.0486038,0,0.15407,1
733,0.733,0.5,0.733,0,0.887293,0.147125,0.0486462,0,0.154959,1
734,0.734,0.5,0.734,0,0.888119,0.148047,0.0486886,0,0.155848,1
735,0.735,0.5,0.735,0,0.888946,0.148969,0.0487309,0,0.156737,1
736,0.736,0.5,0.736,0,0.889773,0.149891,0.0487733,0,0.157627,1
737,0.737,0.5,0.737,0,0.8906,0.150813,0.0488157,0,0.158517,1
738,0.738,0.5,0.738,0,0.891428,0.151735,0.0488537,0,0.159406,1
739,0.739,0.5,0.739,0,0.892256,0.152656,0.048889,0,0.160293,1
740,0.74,0.5,0.74,0,0.893085,0.153577,0.0489242,0,0.161182,1
741,0.741,0.5,0.741,0,0.893913,0.154498,0.0489595,0,0.16207,1
742,0.742,0.5,0.742,0,0.894742,0.15542,0.0489948,0,0.162959,1
743,0.743,0.5,0.743,0,0.895572,0.156341,0.0490301,0,0.163849,1
744,0.744,0.5,0.744,0,0.896402,0.157262,0.0490654,0,0.164738,1
745,0.745,0.5,0.745,0,0.897232,0.158183,0.0491007,0,0.165628,1
746,0.746,0.5,0.746,0,0.898062,0.159104,0.049136,0,0.166519,1
747,0.747,0.5,0.747,0,0.898893,0.160026,0.0491713,0,0.16741,1
748,0.748,0.5,0.748,0,0.899724,0.160945,0.0492024,0,0.168298,1
749,0.749,0.5,0.749,0,0.900556,0.161863,0.0492297,0,0.169184,1
750,0.75,0.5,0.75,0,0.901388,0.162781,0.049257,0,0.17007,1
751,0.751,0.5,0.751,0,0.90222,0.163699,0.0492843,0,0.170957,1
752,0.752,0.5,0.752,0,0.903053,0.164617,0.0493117,0,0.171844,1
753,0.753,0.5,0.753,0,0.903886,0.165535,0.049339,0,0.172731,1
754,0.754,0.5,0.754,0,0.904719,0.166453,0.0493663,0,0.173619,1
755,0.755,0.5,0.755,0,0.905552,0.167371,0.0493936,0,0.174507,1
756,0.756,0.5,0.756,0,0.906386,0.168289,0.0494209,0,0.175395,1
757,0.757,0.5,0.757,0,0.90722,0.169207,0.0494483,0,0.176284,1
758,0.758,0.5,0.758,0,0.908055,0.170122,0.0494718,0,0.177169,1
759,0.759,0.5,0.759,0,0.90889,0.171034,0.0494903,0,0.17805,1
760,0.76,0.5,0.76,0,0.909725,0.171946,0.0495088,0,0.178932,1
761,0.761,0.5,0.761,0,0.910561,0.172858,0.0495273,0,0.179813,1
762,0.762,0.5,0.762,0,0.911397,0.17377,0.0495458,0,0.180695,1
763,0.763,0.5,0.763,0,0.912233,0.174682,0.0495642,0,0.181578,1
764,0.764,0.5,0.764,0,0.91307,0.175594,0.0495827,0,0.18246,1
765,0.765,0.5,0.765,0,0.913906,0.176506,0.0496012,0,0.183343,1
766,0.766,0.5,0.766,0,0.914744,0.177418,0.0496197,0,0.184226,1
767,0.767,0.5,0.767,0,0.915581,0.17833,0.0496382,0,0.18511,1
768,0.768,0.5,0.768,0,0.916419,0.17924,0.0496535,0,0.18599,1
769,0.769,0.5,0.769,0,0.917257,0.180143,0.0496623,0,0.186863,1
770,0.77,0.5,0.77,0,0.918096,0.181046,0.049671,0,0.187737,1
771,0.771,0.5,0.771,0,0.918935,0.18195,0.0496798,0,0.18861,1
772,0.772,0.5,0.772,0,0.919774,0.182853,0.0496885,0,0.189484,1
773,0.773,0.5,0.773,0,0.920613,0.183757,0.0496973,0,0.190359,1
774,0.774,0.5,0.774,0,0.921453,0.18466,0.049706,0,0.191233,1
775,0.775,0.5,0.775,0,0.922293,0.185564,0.0497148,0,0.192108,1
776,0.776,0.5,0.776,0,0.923134,0.186467,0.0497235,0,0.192983,1
777,0.777,0.5,0.777,0,0.923975,0.18737,0.0497323,0,0.193858,1
778,0.778,0.5,0.778,0,0.924816,0.188271,0.0497387,0,0.194731,1
779,0.779,0.5,0.779,0,0.925657,0.189163,0.0497369,0,0.195592,1
780,0.78,0.5,0.78,0,0.926499,0.190055,0.049735,0,0.196455,1
781,0.781,0.5,0.781,0,0.927341,0.190947,0.0497332,0,0.197317,1
782,0.782,0.5,0.782,0,0.928183,0.191839,0.0497313,0,0.19818,1
783,0.783,0.5,0.783,0,0.929026,0.19273,0.0497295,0,0.199043,1
784,0.784,0.5,0.784,0,0.929869,0.193622,0.0497276,0,0.199906,1
785,0.785,0.5,0.785,0,0.930712,0.194514,0.0497258,0,0.20077,1
786,0.786,0.5,0.786,0,0.931556,0.195406,0.0497239,0,0.201633,1
787,0.787,0.5,0.787,0,0.9324,0.196298,0.0497221,0,0.202497,1
788,0.788,0.5,0.788,0,0.933244,0.197188,0.0497188,0,0.203359,1
789,0.789,0.5,0.789,0,0.934088,0.198065,0.0497055,0,0.204207,1
790,0.79,0.5,0.79,0,0.934933,0.198942,0.0496922,0,0.205055,1
791,0.791,0.5,0.791,0,0.935778,0.199819,0.0496789,0,0.205902,1
792,0.792,0.5,0.792,0,0.936624,0.200697,0.0496656,0,0.206751,1
793,0.793,0.5,0.793,0,0.937469,0.201574,0.0496523,0,0.207599,1
794,0.794,0.5,0.794,0,0.938316,0.202451,0.049639,0,0.208448,1
795,0.795,0.5,0.795,0,0.939162,0.203328,0.0496257,0,0.209297,1
796,0.796,0.5,0.796,0,0.940009,0.204205,0.0496124,0,0.210146,1
797,0.797,0.5,0.797,0,0.940855,0.205083,0.049599,0,0.210995,1
798,0.798,0.5,0.798,0,0.941703,0.205959,0.0495855,0,0.211844,1
799,0.799,0.5,0.799,0,0.94255,0.206819,0.0495599,0,0.212674,1
800,0.8,0.5,0.8,0,0.943398,0.207678,0.0495343,0,0.213504,1
801,0.801,0.5,0.801,0,0.944246,0.208538,0.0495087,0,0.214334,1
802,0.802,0.5,0.802,0,0.945095,0.209397,0.049483,0,0.215164,1
803,0.803,0.5,0.803,0,0.945943,0.210256,0.0494574,0,0.215995,1
804,0.804,0.5,0.804,0,0.946792,0.211116,0.0494318,0,0.216826,1
805,0.805,0.5,0.805,0,0.947642,0.211975,0.0494062,0,0.217657,1
806,0.806,0.5,0.806,0,0.948491,0.212834,0.0493806,0,0.218488,1
807,0.807,0.5,0.807,0,0.949341,0.213694,0.049355,0,0.219319,1
808,0.808,0.5,0.808,0,0.950192,0.214553,0.0493294,0,0.220151,1
809,0.809,0.5,0.809,0,0.951042,0.215393,0.0492917,0,0.220962,1
810,0.81,0.5,0.81,0,0.951893,0.216232,0.049253,0,0.22177,1
811,0.811,0.5,0.811,0,0.952744,0.21707,0.0492142,0,0.222579,1
812,0.812,0.5,0.812,0,0.953595,0.217909,0.0491755,0,0.223389,1
813,0.813,0.5,0.813,0,0.954447,0.218747,0.0491368,0,0.224198,1
814,0.814,0.5,0.814,0,0.955299,0.219586,0.049098,0,0.225008,1
815,0.815,0.5,0.815,0,0.956151,0.220424,0.0490593,0,0.225818,1
816,0.816,0.5,0.816,0,0.957004,0.221263,0.0490206,0,0.226628,1
817,0.817,0.5,0.817,0,0.957856,0.222101,0.0489818,0,0.227438,1
818,0.818,0.5,0.818,0,0.95871,0.22294,0.0489431,0,0.228249,1
819,0.819,0.5,0.819,0,0.959563,0.223759,0.048893,0,0.229038,1
820,0.82,0.5,0.82,0,0.960417,0.224574,0.0488403,0,0.229823,1
821,0.821,0.5,0.821,0,0.961271,0.225388,0.0487877,0,0.230608,1
822,0.822,0.5,0.822,0,0.962125,0.226203,0.048735,0,0.231393,1
823,0.823,0.5,0.823,0,0.962979,0.227018,0.0486823,0,0.232179,1
824,0.824,0.5,0.824,0,0.963834,0.227832,0.0486297,0,0.232964,1
825,0.825,0.5,0.825,0,0.964689,0.228647,0.048577,0,0.23375,1
826,0.826,0.5,0.826,0,0.965544,0.229462,0.0485244,0,0.234536,1
827,0.827,0.5,0.827,0,0.9664,0.230276,0.0484717,0,0.235323,1
828,0.828,0.5,0.828,0,0.967256,0.231091,0.0484191,0,0.236109,1
829,0.829,0.5,0.829,0,0.968112,0.231887,0.0483559,0,0.236875,1
830,0.83,0.5,0.83,0,0.968969,0.232675,0.0482885,0,0.237633,1
831,0.831,0.5,0.831,0,0.969825,0.233463,0.0482211,0,0.238391,1
832,0.832,0.5,0.832,0,0.970682,0.234251,0.0481537,0,0.239149,1
833,0.833,0.5,0.833,0,0.971539,0.23504,0.0480863,0,0.239908,1
834,0.834,0.5,0.834,0,0.972397,0.235828,0.0480189,0,0.240667,1
835,0.835,0.5,0.835,0,0.973255,0.236616,0.0479515,0,0.241426,1
836,0.836,0.5,0.836,0,0.974113,0.237404,0.0478841,0,0.242185,1
837,0.837,0.5,0.837,0,0.974971,0.238192,0.0478167,0,0.242945,1
838,0.838,0.5,0.838,0,0.97583,0.238981,0.0477494,0,0.243704,1
839,0.839,0.5,0.839,0,0.976689,0.239751,0.0476723,0,0.244445,1
840,0.84,0.5,0.84,0,0.977548,0.240511,0.0475893,0,0.245174,1
841,0.841,0.5,0.841,0,0.978407,0.241271,0.0475063,0,0.245904,1
842,0.842,0.5,0.842,0,0.979267,0.242031,0.0474233,0,0.246634,1
843,0.843,0.5,0.843,0,0.980127,0.242791,0.0473403,0,0.247363,1
844,0.844,0.5,0.844,0,0.980987,0.243551,0.0472573,0,0.248094,1
845,0.845,0.5,0.845,0,0.981848,0.244311,0.0471743,0,0.248824,1
846,0.846,0.5,0.846,0,0.982709,0.245071,0.0470912,0,0.249554,1
847,0.847,0.5,0.847,0,0.98357,0.245831,0.0470082,0,0.250285,1
848,0.848,0.5,0.848,0,0.984431,0.246591,0.0469252,0,0.251016,1
849,0.849,0.5,0.849,0,0.985292,0.247336,0.0468336,0,0.251731,1
850,0.85,0.5,0.85,0,0.986154,0.248068,0.0467339,0,0.252432,1
851,0.851,0.5,0.851,0,0.987016,0.2488,0.0466342,0,0.253133,1
852,0.852,0.5,0.852,0,0.987879,0.249532,0.0465345,0,0.253834,1
853,0.853,0.5,0.853,0,0.988741,0.250263,0.0464348,0,0.254535,1
854,0.854,0.5,0.854,0,0.989604,0.250995,0.0463351,0,0.255236,1
855,0.855,0.5,0.855,0,0.990467,0.251727,0.0462354,0,0.255938,1
856,0.856,0.5,0.856,0,0.99133,0.252458,0.0461357,0,0.256639,1
857,0.857,0.5,0.857,0,0.992194,0.25319,0.046036,0,0.257341,1
858,0.858,0.5,0.858,0,0.993058,0.253922,0.0459363,0,0.258043,1
859,0.859,0.5,0.859,0,0.993922,0.254643,0.0458291,0,0.258734,1
860,0.86,0.5,0.86,0,0.994786,0.25535,0.0457112,0,0.25941,1
861,0.861,0.5,0.861,0,0.995651,0.256057,0.0455934,0,0.260085,1
862,0.862,0.5,0.862,0,0.996516,0.256764,0.0454756,0,0.26076,1
863,0.863,0.5,0.863,0,0.997381,0.257471,0.0453577,0,0.261436,1
864,0.864,0.5,0.864,0,0.998246,0.258178,0.0452399,0,0.262112,1
865,0.865,0.5,0.865,0,0.999112,0.258885,0.045122,0,0.262788,1
866,0.866,0.5,0.866,0,0.999978,0.259592,0.0450042,0,0.263465,1
867,0.867,0.5,0.867,0,1.00084,0.260299,0.0448864,0,0.264141,1
868,0.868,0.5,0.868,0,1.00171,0.261006,0.0447685,0,0.264818,1
869,0.869,0.5,0.869,0,1.00258,0.261709,0.0446444,0,0.26549,1
870,0.87,0.5,0.87,0,1.00344,0.262402,0.0445063,0,0.266149,1
871,0.871,0.5,0.871,0,1.00431,0.263094,0.0443682,0,0.266809,1
872,0.872,0.5,0.872,0,1.00518,0.263787,0.0442301,0,0.267469,1
873,0.873,0.5,0.873,0,1.00605,0.26448,0.044092,0,0.26813,1
874,0.874,0.5,0.874,0,1.00691,0.265172,0.0439539,0,0.26879,1
875,0.875,0.5,0.875,0,1.00778,0.265865,0.0438158,0,0.269451,1
876,0.876,0.5,0.876,0,1.00865,0.266557,0.0436777,0,0.270112,1
877,0.877,0.5,0.877,0,1.00952,0.26725,0.0435396,0,0.270773,1
878,0.878,0.5,0.878,0,1.01039,0.267943,0.0434015,0,0.271435,1
879,0.879,0.5,0.879,0,1.01126,0.268637,0.0432584,0,0.272098,1
880,0.88,0.5,0.88,0,1.01213,0.269338,0.0430968,0,0.272765,1
881,0.881,0.5,0.881,0,1.013,0.27004,0.0429352,0,0.273432,1
882,0.882,0.5,0.882,0,1.01387,0.270741,0.0427736,0,0.274099,1
883,0.883,0.5,0.883,0,1.01474,0.271442,0.042612,0,0.274767,1
884,0.884,0.5,0.884,0,1.01561,0.272144,0.0424503,0,0.275435,1
885,0.885,0.5,0.885,0,1.01648,0.272845,0.0422887,0,0.276103,1
886,0.886,0.5,0.886,0,1.01735,0.273546,0.0421271,0,0.276771,1
887,0.887,0.5,0.887,0,1.01822,0.274248,0.0419655,0,0.27744,1
888,0.888,0.5,0.888,0,1.01909,0.274949,0.0418039,0,0.278109,1
889,0.889,0.5,0.889,0,1.01996,0.275656,0.0416391,0,0.278783,1
890,0.89,0.5,0.89,0,1.02083,0.276412,0.041449,0,0.279502,1
891,0.891,0.5,0.891,0,1.0217,0.277168,0.0412589,0,0.280222,1
892,0.892,0.5,0.892,0,1.02258,0.277924,0.0410688,0,0.280941,1
893,0.893,0.5,0.893,0,1.02345,0.278679,0.0408787,0,0.281661,1
894,0.894,0.5,0.894,0,1.02432,0.279435,0.0406886,0,0.282382,1
895,0.895,0.5,0.895,0,1.0252,0.280191,0.0404984,0,0.283102,1
896,0.896,0.5,0.896,0,1.02607,0.280946,0.0403083,0,0.283823,1
897,0.897,0.5,0.897,0,1.02694,0.281702,0.0401182,0,0.284545,1
898,0.898,0.5,0.898,0,1.02782,0.282458,0.0399281,0,0.285266,1
899,0.899,0.5,0.899,0,1.02869,0.283214,0.039738,0,0.285988,1
900,0.9,0.5,0.9,0,1.02956,0.284109,0.0395117,0,0.286844,1
901,0.901,0.5,0.901,0,1.03044,0.285004,0.0392858,0,0.287699,1
902,0.902,0.5,0.902,0,1.03131,0.285898,0.0390599,0,0.288554,1
903,0.903,0.5,0.903,0,1.03219,0.286793,0.038834,0,0.28941,1
904,0.904,0.5,0.904,0,1.03306,0.287687,0.0386081,0,0.290266,1
905,0.905,0.5,0.905,0,1.03394,0.288581,0.0383822,0,0.291123,1
906,0.906,0.5,0.906,0,1.03481,0.289476,0.0381563,0,0.29198,1
907,0.907,0.5,0.907,0,1.03569,0.29037,0.0379304,0,0.292837,1
908,0.908,0.5,0.908,0,1.03656,0.291264,0.0377045,0,0.293695,1
909,0.909,0.5,0.909,0,1.03744,0.292159,0.0374786,0,0.294553,1
910,0.91,0.5,0.91,0,1.03832,0.293312,0.0372111,0,0.295663,1
911,0.911,0.5,0.911,0,1.03919,0.294491,0.0369394,0,0.296799,1
912,0.912,0.5,0.912,0,1.04007,0.29567,0.0366677,0,0.297935,1
913,0.913,0.5,0.913,0,1.04095,0.296849,0.0363961,0,0.299072,1
914,0.914,0.5,0.914,0,1.04182,0.298028,0.0361244,0,0.30021,1
915,0.915,0.5,0.915,0,1.0427,0.299207,0.0358527,0,0.301348,1
916,0.916,0.5,0.916,0,1.04358,0.300386,0.035581,0,0.302486,1
917,0.917,0.5,0.917,0,1.04446,0.301565,0.0353094,0,0.303625,1
918,0.918,0.5,0.918,0,1.04533,0.302744,0.0350377,0,0.304765,1
919,0.919,0.5,0.919,0,1.04621,0.303924,0.034766,0,0.305906,1
920,0.92,0.5,0.92,0,1.04709,0.305526,0.0344476,0,0.307462,1
921,0.921,0.5,0.921,0,1.04797,0.307229,0.034118,0,0.309118,1
922,0.922,0.5,0.922,0,1.04885,0.308933,0.0337884,0,0.310775,1
923,0.923,0.5,0.923,0,1.04973,0.310636,0.0334588,0,0.312433,1
924,0.924,0.5,0.924,0,1.05061,0.312339,0.0331292,0,0.314091,1
925,0.925,0.5,0.925,0,1.05149,0.314042,0.0327997,0,0.315751,1
926,0.926,0.5,0.926,0,1.05237,0.315746,0.0324701,0,0.317411,1
927,0.927,0.5,0.927,0,1.05325,0.317449,0.0321405,0,0.319072,1
928,0.928,0.5,0.928,0,1.05413,0.319152,0.031811,0,0.320734,1
929,0.929,0.5,0.929,0,1.05501,0.320855,0.0314814,0,0.322396,1
930,0.93,0.5,0.93,0,1.05589,0.323191,0.0311022,0,0.324684,1
931,0.931,0.5,0.931,0,1.05677,0.325788,0.0307026,0,0.327231,1
932,0.932,0.5,0.932,0,1.05765,0.328385,0.030303,0,0.32978,1
933,0.933,0.5,0.933,0,1.05853,0.330982,0.0299033,0,0.33233,1
934,0.934,0.5,0.934,0,1.05941,0.333579,0.0295036,0,0.334881,1
935,0.935,0.5,0.935,0,1.06029,0.336176,0.029104,0,0.337433,1
936,0.936,0.5,0.936,0,1.06118,0.338773,0.0287044,0,0.339987,1
937,0.937,0.5,0.937,0,1.06206,0.34137,0.0283047,0,0.342541,1
938,0.938,0.5,0.938,0,1.06294,0.343967,0.0279051,0,0.345097,1
939,0.939,0.5,0.939,0,1.06382,0.346564,0.0275054,0,0.347654,1
940,0.94,0.5,0.94,0,1.06471,0.350024,0.0270589,0,0.351068,1
941,0.941,0.5,0.941,0,1.06559,0.354045,0.0265819,0,0.355041,1
942,0.942,0.5,0.942,0,1.06647,0.358066,0.0261049,0,0.359016,1
943,0.943,0.5,0.943,0,1.06736,0.362087,0.0256278,0,0.362993,1
944,0.944,0.5,0.944,0,1.06824,0.366108,0.0251508,0,0.366971,1
945,0.945,0.5,0.945,0,1.06912,0.370129,0.0246738,0,0.37095,1
946,0.946,0.5,0.946,0,1.07001,0.374149,0.0241968,0,0.374931,1
947,0.947,0.5,0.947,0,1.07089,0.378171,0.0237198,0,0.378914,1
948,0.948,0.5,0.948,0,1.07178,0.382191,0.0232428,0,0.382898,1
949,0.949,0.5,0.949,0,1.07266,0.386212,0.0227658,0,0.386883,1
950,0.95,0.5,0.95,0,1.07355,0.3913,0.0222528,0,0.391932,1
951,0.951,0.5,0.951,0,1.07443,0.397433,0.0217046,0,0.398025,1
952,0.952,0.5,0.952,0,1.07532,0.403566,0.0211564,0,0.40412,1
953,0.953,0.5,0.953,0,1.0762,0.409699,0.0206082,0,0.410217,1
954,0.954,0.5,0.954,0,1.07709,0.415832,0.02006,0,0.416316,1
955,0.955,0.5,0.955,0,1.07797,0.421965,0.0195118,0,0.422416,1
956,0.956,0.5,0.956,0,1.07886,0.428098,0.0189636,0,0.428518,1
957,0.957,0.5,0.957,0,1.07974,0.434231,0.0184153,0,0.434622,1
958,0.958,0.5,0.958,0,1.08063,0.440364,0.0178671,0,0.440727,1
959,0.959,0.5,0.959,0,1.08152,0.446497,0.0173189,0,0.446833,1
960,0.96,0.5,0.96,0,1.0824,0.453789,0.0167559,0,0.454098,1
961,0.961,0.5,0.961,0,1.08329,0.462789,0.0161708,0,0.463072,1
962,0.962,0.5,0.962,0,1.08418,0.471789,0.0155858,0,0.472047,1
963,0.963,0.5,0.963,0,1.08507,0.480789,0.0150008,0,0.481023,1
964,0.964,0.5,0.964,0,1.08595,0.48979,0.0144158,0,0.490002,1
965,0.965,0.5,0.965,0,1.08684,0.49879,0.0138308,0,0.498981,1
966,0.966,0.5,0.966,0,1.08773,0.50779,0.0132458,0,0.507963,1
967,0.967,0.5,0.967,0,1.08862,0.51679,0.0126608,0,0.516945,1
968,0.968,0.5,0.968,0,1.08951,0.525791,0.0120758,0,0.525929,1
969,0.969,0.5,0.969,0,1.09039,0.534791,0.0114908,0,0.534914,1
970,0.97,0.5,0.97,0,1.09128,0.544827,0.0109141,0,0.544936,1
971,0.971,0.5,0.971,0,1.09217,0.557245,0.0103567,0,0.557342,1
972,0.972,0.5,0.972,0,1.09306,0.569664,0.00979922,0,0.569748,1
973,0.973,0.5,0.973,0,1.09395,0.582082,0.00924177,0,0.582155,1
974,0.974,0.5,0.974,0,1.09484,0.5945,0.00868432,0,0.594564,1
975,0.975,0.5,0.975,0,1.09573,0.606919,0.00812684,0,0.606974,1
976,0.976,0.5,0.976,0,1.09662,0.619338,0.00756939,0,0.619384,1
977,0.977,0.5,0.977,0,1.09751,0.631756,0.00701195,0,0.631795,1
978,0.978,0.5,0.978,0,1.0984,0.644174,0.0064545,0,0.644206,1
979,0.979,0.5,0.979,0,1.09929,0.656592,0.00589705,0,0.656619,1
980,0.98,0.5,0.98,0,1.10018,0.669666,0.00537301,0,0.669687,1
981,0.981,0.5,0.981,0,1.10107,0.685323,0.00498106,0,0.685341,1
982,0.982,0.5,0.982,0,1.10196,0.70098,0.00458912,0,0.700995,1
983,0.983,0.5,0.983,0,1.10285,0.716637,0.00419718,0,0.716649,1
984,0.984,0.5,0.984,0,1.10375,0.732295,0.00380521,0,0.732305,1
985,0.985,0.5,0.985,0,1.10464,0.747952,0.00341327,0,0.74796,1
986,0.986,0.5,0.986,0,1.10553,0.763609,0.00302133,0,0.763615,1
987,0.987,0.5,0.987,0,1.10642,0.779266,0.00262939,0,0.779271,1
988,0.988,0.5,0.988,0,1.10731,0.794923,0.00223744,0,0.794926,1
989,0.989,0.5,0.989,0,1.10821,0.810581,0.00184548,0,0.810583,1
990,0.99,0.5,0.99,0,1.1091,0.82552,0.00148004,0,0.825522,1
991,0.991,0.5,0.991,0,1.10999,0.83407,0.00135051,0,0.834071,1
992,0.992,0.5,0.992,0,1.11088,0.842619,0.00122098,0,0.84262,1
993,0.993,0.5,0.993,0,1.11178,0.851169,0.00109145,0,0.851169,1
994,0.994,0.5,0.994,0,1.11267,0.859719,0.000961913,0,0.859719,1
995,0.995,0.5,0.995,0,1.11356,0.868268,0.000832383,0,0.868269,1
996,0.996,0.5,0.996,0,1.11446,0.876818,0.000702853,0,0.876818,1
997,0.997,0.5,0.997,0,1.11535,0.885367,0.000573323,0,0.885367,1
998,0.998,0.5,0.998,0,1.11625,0.893917,0.000443785,0,0.893917,1
999,0.999,0.5,0.999,0,1.11714,0.902466,0.000314255,0,0.902466,1
1000,1,0.5,1,0,1.11803,0.911016,0.000184725,0,0.911016,1
